0,0,0,0,0,0,0,0,0,0,0,0,0,0,0,0,0,0,0,0,0,0,0,0,0,0,0,0,0,0,0,0,0,0,0,0,0,0,0,0,0,0,0,0,0,0,0,0,0,0
0,1.56911518577559e-89,2.22274598094666e-62,6.52958877942989e-58,1.3609584091184e-56,2.45747242628994e-56,4.16040719567978e-56,6.60368591474441e-56,9.82743917271011e-56,1.37119021291284e-55,1.79373561029621e-55,2.19999928902638e-55,2.52982241287049e-55,2.72747586515362e-55,2.75698994217647e-55,2.61284009727106e-55,2.32163460099776e-55,1.93409716496191e-55,1.51065778863393e-55,1.10626019479237e-55,7.59542128457418e-56,4.88933566603171e-56,2.95087842595873e-56,1.66976973286414e-56,8.85864185498901e-57,4.40645940750819e-57,2.05520590372179e-57,8.99092416936396e-58,3.6946660916881e-58,1.43564362000074e-58,5.42947668414043e-59,2.22840980489768e-59,1.2742960527292e-59,1.14724569309548e-59,1.29434151205604e-59,1.49697069779802e-59,1.65840388569467e-59,1.73084228047877e-59,1.69546332018502e-59,1.55748498557928e-59,1.34148229838273e-59,1.08331383312725e-59,8.20215718697328e-60,5.82244650836202e-60,3.87513077556511e-60,2.41807972638831e-60,3.0315642328573e-61,2.00640088033916e-64,2.70400193106718e-84,0
0,1.43244149343837e-49,1.65958987047469e-22,4.87524862038909e-18,1.01614524909885e-16,1.83484592127527e-16,3.10632436690195e-16,4.93057283137757e-16,7.33755433284109e-16,1.02378477889934e-15,1.33927386171452e-15,1.6426063731488e-15,1.88886535207957e-15,2.03644124109899e-15,2.05847764228832e-15,1.95084972236924e-15,1.73342431163222e-15,1.4440738988285e-15,1.12791844953839e-15,8.25982782118474e-16,5.67120105961552e-16,3.65103491571367e-16,2.20451345146127e-16,1.24998816826204e-16,6.69324004983479e-17,3.46903025609039e-17,1.91462950730637e-17,1.42821427436594e-17,1.68895121993858e-17,2.58061792858228e-17,4.09965819329909e-17,6.26215471908936e-17,9.01917528331225e-17,1.2194308283456e-16,1.54621719355865e-16,1.83828774213765e-16,2.04911176232452e-16,2.1415215942201e-16,2.09837419015309e-16,1.92773290908764e-16,1.66040558872949e-16,1.34086452264416e-16,1.01521727654526e-16,7.20670065955007e-17,4.7964216353259e-17,2.9929647983585e-17,3.75230185863587e-18,2.48341159025005e-21,3.34686343166652e-41,0
0,1.05149123139091e-37,9.12289108183627e-16,2.65822031130847e-11,5.53901386561411e-10,1.00019271702945e-09,1.69337016166573e-09,2.6878405957992e-09,3.99987072158661e-09,5.58077892686815e-09,7.30044934850806e-09,8.95385452353938e-09,1.02961802085525e-08,1.11006427732172e-08,1.12208703080299e-08,1.06343844056518e-08,9.44946555151394e-09,7.87252746009128e-09,6.14948639028565e-09,4.50395409003981e-09,3.0932512088808e-09,1.9926284469349e-09,1.20537280117294e-09,6.88031129999989e-10,3.78393404509429e-10,2.17588350727404e-10,1.630642218178e-10,1.93281066555661e-10,3.06434134061717e-10,5.15044172573124e-10,8.37231694762157e-10,1.28525829088122e-09,1.85298958584151e-09,2.505761066386e-09,3.17730521493584e-09,3.77743740641718e-09,4.21061000230131e-09,4.40046799338291e-09,4.31178885430307e-09,3.96114052523257e-09,3.41182571074081e-09,2.75522502271445e-09,2.08607951902976e-09,1.48083781139739e-09,9.8557129940005e-10,6.14996006707419e-10,7.71024991763496e-11,5.10292741110656e-14,6.87715287056449e-34,0
0,1.35972923068823e-33,2.19175460044344e-13,3.6271244553288e-09,7.36413202767945e-08,1.32784919808284e-07,2.24606945867698e-07,3.56064344310207e-07,5.29110917208991e-07,7.37327308361578e-07,9.63512015139926e-07,1.18067109555875e-06,1.35665951904288e-06,1.46177849681864e-06,1.47694336151681e-06,1.39934959078593e-06,1.24332874739677e-06,1.03603533004362e-06,8.0974496545107e-07,5.93758936170598e-07,4.0866122767441e-07,2.64280905119467e-07,1.6105060587968e-07,9.33525839272812e-08,5.32417869139917e-08,3.34218163137213e-08,2.90488584432492e-08,3.84448961038687e-08,6.29619718282878e-08,1.06146053467126e-07,1.72219456484785e-07,2.63937065507089e-07,3.80147368629585e-07,5.13788533699551e-07,6.51295218575657e-07,7.74190164496502e-07,8.62893136140833e-07,9.01755358943362e-07,8.83556216951809e-07,8.11687546055358e-07,6.99117840938924e-07,5.64569402263136e-07,4.27453581302861e-07,3.0343087411178e-07,2.0194734211186e-07,1.26015026547858e-07,1.57985960450651e-08,1.04560928214455e-11,1.40915484326474e-31,0
0,7.74765780676531e-32,6.60421092272477e-12,3.38134721383448e-08,5.9307818411172e-07,1.05814787802457e-06,1.77424236476105e-06,2.78811913340585e-06,4.10803477454069e-06,5.68166887218165e-06,7.37536035560907e-06,8.98493986251866e-06,1.02717089647824e-05,1.10191919937375e-05,1.10926709413949e-05,1.04790861283356e-05,9.29106059506575e-06,7.73331830006793e-06,6.04522315949172e-06,4.44156174068893e-06,3.07138327879308e-06,2.00427047475304e-06,1.24131057093615e-06,7.40239042780687e-07,4.43011507311341e-07,2.97760980084506e-07,2.72192940872455e-07,3.59017404354471e-07,5.74970194871105e-07,9.5411424260592e-07,1.53515750967933e-06,2.34307369970935e-06,3.36791286378205e-06,4.54729648190556e-06,5.76127945155416e-06,6.84646822939996e-06,7.62971241034353e-06,7.9726174113086e-06,7.81129852803599e-06,7.17569142304658e-06,6.18039636276233e-06,4.99088454944966e-06,3.7787257481271e-06,2.68229089215149e-06,1.78517230346046e-06,1.11394589140438e-06,1.39656207553421e-07,9.24296225385157e-11,1.24566272015244e-30,0
0,3.06709227452006e-31,2.44751672879783e-11,8.4825422435609e-08,1.32590643573067e-06,2.34435625808104e-06,3.9031736417235e-06,6.08525226951904e-06,8.89214799892898e-06,1.22081199586373e-05,1.57443778408343e-05,1.90712903959014e-05,2.16959570282266e-05,2.31800873155052e-05,2.32604320206771e-05,2.19263543343819e-05,1.9423001026772e-05,1.61785986352403e-05,1.26853646792753e-05,9.37944909879801e-06,6.55947673769359e-06,4.36144980357394e-06,2.78329382621069e-06,1.73708025120583e-06,1.10514063070203e-06,7.84203465475019e-07,7.1207215210577e-07,8.78331410901637e-07,1.3221717191994e-06,2.11841207480151e-06,3.35080508377467e-06,5.07303079717032e-06,7.26350653446509e-06,9.78797121428932e-06,1.23885331483436e-05,1.47140182541165e-05,1.63923286612436e-05,1.7126031416947e-05,1.67777268096996e-05,1.5411515762813e-05,1.32733383804649e-05,1.07184044005071e-05,8.11504711007038e-06,5.76008632410155e-06,3.83343108482621e-06,2.39203428965338e-06,2.9989086537337e-07,1.98478820782423e-10,2.67487479661031e-30,0
0,5.12556291414962e-31,4.04238142376122e-11,1.27720186105593e-07,1.92331048970256e-06,3.39071157962096e-06,5.63375034504023e-06,8.75966731912313e-06,1.27608417945296e-05,1.74715988780434e-05,2.24781820796888e-05,2.71710287386197e-05,3.08558206228219e-05,3.29198863587588e-05,3.30004394129411e-05,3.10911755799555e-05,2.75439128701936e-05,2.29643623172856e-05,1.80442048867253e-05,1.33932913960357e-05,9.42694181053452e-06,6.33244752569848e-06,4.10469449594682e-06,2.61982958729412e-06,1.71373649012706e-06,1.24340486393485e-06,1.12383921822076e-06,1.34277164316092e-06,1.95749361034045e-06,3.07516305806458e-06,4.81511033262249e-06,7.25360872238038e-06,1.03597780183369e-05,1.39424718468941e-05,1.76347458386991e-05,2.09370271333073e-05,2.33200102704592e-05,2.43605821630248e-05,2.38632132540435e-05,2.19189225942545e-05,1.88773191598129e-05,1.52434090034535e-05,1.1540876847344e-05,8.1913439453386e-06,5.45113125734532e-06,3.40138262275901e-06,4.26432693073786e-07,2.82228860661597e-10,3.80356384264956e-30,0
0,8.28324342934024e-31,6.46839448807221e-11,1.8749879897954e-07,2.71403807441108e-06,4.76478706769054e-06,7.88485741641511e-06,1.22163705594206e-05,1.77403549484833e-05,2.42183108344305e-05,3.10744469442632e-05,3.74700670035571e-05,4.24580223729519e-05,4.52104026358808e-05,4.52458774196016e-05,4.25708346070458e-05,3.76769816856117e-05,3.13960573884877e-05,2.46702635414616e-05,1.83252901143118e-05,1.29197474081555e-05,8.70242640644613e-06,5.66260842689747e-06,3.63077685380117e-06,2.38480625198096e-06,1.73243054315781e-06,1.56056036506336e-06,1.85482304047764e-06,2.69516440110866e-06,4.2291075785964e-06,6.62036478638828e-06,9.97326218464425e-06,1.42448285981275e-05,1.9171855176893e-05,2.42495448660331e-05,2.87908409283085e-05,3.20678760691822e-05,3.34988466266619e-05,3.28149127977539e-05,3.01412673297157e-05,2.59586831308924e-05,2.09616113082056e-05,1.58701808187727e-05,1.12640998175775e-05,7.4958610578378e-06,4.67721272686175e-06,5.86383680760017e-07,3.88090313762102e-10,5.2302457007683e-30,0
0,1.29450403968682e-30,1.00249679525585e-10,2.68397860327938e-07,3.72812621143163e-06,6.51563901426521e-06,1.07351226493338e-05,1.6567514639868e-05,2.39741796950298e-05,3.26210126746238e-05,4.17292629721163e-05,5.01790610103924e-05,5.67181915812897e-05,6.02641804763134e-05,6.02014982753085e-05,5.65615119777349e-05,5.00121180184902e-05,4.16608631538177e-05,3.2750730359556e-05,2.43631624488846e-05,1.72240512104801e-05,1.16519177567855e-05,7.62710374620947e-06,4.92517550829356e-06,3.25580339711109e-06,2.36964931543301e-06,2.12178844377434e-06,2.49661514215108e-06,3.60190980673883e-06,5.63379819569596e-06,8.80911564315152e-06,1.32654967081221e-05,1.89448319766282e-05,2.54964176935638e-05,3.22485662081471e-05,3.82874359941188e-05,4.26450511317858e-05,4.4547739362097e-05,4.36380296902133e-05,4.00824313957284e-05,3.45202897252776e-05,2.78750848127742e-05,2.11044342466947e-05,1.49790805612869e-05,9.96785150220759e-06,6.21960721628954e-06,7.79753597498286e-07,5.16069643673322e-10,6.95500747997025e-30,0
0,1.95636788423906e-30,1.50450158268812e-10,3.74608914335675e-07,4.98769912613711e-06,8.67501849863348e-06,1.42259925558782e-05,2.18616662373396e-05,3.15120443754169e-05,4.27214775925158e-05,5.44658171958383e-05,6.52932858815977e-05,7.35988810761007e-05,7.80131295359549e-05,7.77779642917788e-05,7.29673965555479e-05,6.44634371581146e-05,5.36965990720291e-05,4.22550302957722e-05,3.15087121071373e-05,2.23685857722519e-05,1.52273274051246e-05,1.00520773160899e-05,6.55566554621325e-06,4.37206703495492e-06,3.18985631508604e-06,2.83054644411115e-06,3.27896736366727e-06,4.67549610082681e-06,7.27180278907037e-06,1.13449747596239e-05,1.7069965972897e-05,2.43702926487424e-05,3.27937059494696e-05,4.1475672606715e-05,4.92406304877354e-05,5.48436390886034e-05,5.72897502272905e-05,5.61192848125641e-05,5.15463899998559e-05,4.43932509881995e-05,3.584742519129e-05,2.71403593158399e-05,1.92629212003304e-05,1.28182007113446e-05,7.99802985168478e-06,1.00271388490532e-06,6.63632968743604e-10,8.94370036709295e-30,0
0,2.85918178873462e-30,2.18592822593051e-10,5.09700628485059e-07,6.50195124343545e-06,1.12512930266554e-05,1.83591948427574e-05,2.80843780246517e-05,4.03102019852399e-05,5.44315360049914e-05,6.91380975943541e-05,8.26017818823861e-05,9.28275417057656e-05,9.81388339494197e-05,9.76374915263498e-05,9.14635537652127e-05,8.07497068096033e-05,6.72884279825764e-05,5.3044938830154e-05,3.96973955166529e-05,2.83491322854938e-05,1.94657397475804e-05,1.29962399270876e-05,8.58603395970418e-06,5.79084384557818e-06,4.23693104680076e-06,3.71376314855098e-06,4.20931531099376e-06,5.90020885497445e-06,9.09794187315281e-06,1.41438239341552e-05,2.12518179022091e-05,3.03237499791111e-05,4.07950264034932e-05,5.15891796412237e-05,6.12435835441694e-05,6.82097359661317e-05,7.12502361788922e-05,6.97934250034387e-05,6.4105621344131e-05,5.52092779242199e-05,4.45811997965541e-05,3.37527597371072e-05,2.39556980539773e-05,1.59403741528164e-05,9.94597450476152e-06,1.24692634412788e-06,8.25261760912689e-10,1.11219518343041e-29,0
0,4.0408910620702e-30,3.07422811612875e-10,6.75861286483287e-07,8.26193521930417e-06,1.4221365432755e-05,2.3085048182294e-05,3.51424718488003e-05,5.02118341830815e-05,6.7510460222922e-05,8.54068493878227e-05,0.000101663988164197,0.000113876050482098,0.000120056828883557,0.00011918397751122,0.000111492078883285,9.83958453333057e-05,8.20744308970731e-05,6.48827230915086e-05,4.88075871498508e-05,3.51377403534274e-05,2.4403280468259e-05,1.65301627800092e-05,1.1096779349541e-05,7.58541917929847e-06,5.56671636315981e-06,4.80414210545566e-06,5.29281446905845e-06,7.2473980796539e-06,1.10394221533411e-05,1.70736198885018e-05,2.56012003395913e-05,3.64989802712835e-05,4.9084331034153e-05,6.20604278071651e-05,7.36670904005019e-05,8.20415253354817e-05,8.5695427335496e-05,8.39412670404819e-05,7.70993082560522e-05,6.6399130834421e-05,5.36166961139494e-05,4.05935734267811e-05,2.88102547954794e-05,1.91697532689897e-05,1.19606826367566e-05,1.49950770751896e-06,9.92429397914381e-10,1.3374849636004e-29,0
0,5.52276603661609e-30,4.18434914408723e-10,8.73029021722799e-07,1.02359651517015e-05,1.75240836078192e-05,2.8293877274673e-05,4.28540486227046e-05,6.09370066527018e-05,8.15569443614929e-05,0.000102736079355383,0.000121813122710616,0.00013597249455375,0.000142936957031369,0.000141590562636084,0.000132294236750676,0.000116766392915222,9.75773075104627e-05,7.74587410273e-05,5.86828299308941e-05,4.26994340889215e-05,3.00868598272668e-05,2.07440536413628e-05,1.419001528909e-05,9.84814579287419e-06,7.24901068852297e-06,6.14183337254153e-06,6.53438238610123e-06,8.6786701938019e-06,1.30011358470541e-05,1.99629625199538e-05,2.98463892210366e-05,4.24999120279948e-05,5.7123790797394e-05,7.22062072469792e-05,8.56981301941427e-05,9.54322455868359e-05,9.96773309430379e-05,9.76336961683672e-05,8.96737582852406e-05,7.7227433957292e-05,6.23600363479716e-05,4.72131591258028e-05,3.3507312771429e-05,2.22936915047266e-05,1.39094180586105e-05,1.74381630801019e-06,1.1541218100387e-09,1.55539585015721e-29,0
0,7.29928427220155e-30,5.51132378687153e-10,1.09803982756508e-06,1.23665054917246e-05,2.10564827214497e-05,3.38124606891759e-05,5.09467924358915e-05,7.20853365038395e-05,9.60192622922635e-05,0.000120413814189396,0.000142189746923543,0.000158147966001502,0.000165761514890614,0.000163865050432272,0.00015297764983698,0.000135128739023755,0.000113258928591004,9.04344816267498e-05,6.91626678336288e-05,5.10119686945274e-05,3.65851349789747e-05,2.57526054406936e-05,1.79906947048445e-05,1.26900319551049e-05,9.36697574174281e-06,7.77476097100997e-06,7.94097410556151e-06,1.01513631858179e-05,1.48760304592138e-05,2.26185599028592e-05,3.36808920344109e-05,4.7879835492493e-05,6.43068777782647e-05,8.12560934479431e-05,9.64199340357241e-05,0.000107359447815368,0.000112127019139093,0.000109823077287143,0.000100866383073881,8.68650099305062e-05,7.01415915038451e-05,5.31045235997805e-05,3.7686868049723e-05,2.50724135132861e-05,1.56425089033241e-05,1.96108716923061e-06,1.29791964303095e-09,1.74919043124241e-29,0
0,9.32927809974755e-30,7.02381712511057e-10,1.34397971786923e-06,1.45695039662049e-05,2.46742218761971e-05,3.94072636380453e-05,5.90665657778077e-05,8.31533001810215e-05,0.000110224991494986,0.000137597393718834,0.000161804147724453,0.000179314977686606,0.00018741568042476,0.000184945782717414,0.000172609728987226,0.000152736547788654,0.00012858809424605,0.000103491879415368,8.01137795139733e-05,6.00814782625602e-05,4.3992744415377e-05,3.16921630795591e-05,2.26404957132238e-05,1.62341707447565e-05,1.20119898556965e-05,9.75616127117001e-06,9.52292238256186e-06,1.16251375643359e-05,1.65590781179798e-05,2.48494844013297e-05,3.68014462263523e-05,5.21965433637354e-05,7.00330955917456e-05,8.8447283761119e-05,0.000104924775289182,0.000116810744359468,0.000121986063038575,0.000119472050331081,0.00010972402565603,9.44908009333634e-05,7.62982888539415e-05,5.77656391253512e-05,4.09924330670438e-05,2.72684680185916e-05,1.70117285564906e-05,2.13273645905444e-06,1.41152343041194e-09,1.90229286628659e-29,0
0,1.15308130330114e-29,8.66044297989128e-10,1.59995491944193e-06,1.67370661833936e-05,2.81973858532953e-05,4.47957587476335e-05,6.67974080274358e-05,9.35665720024554e-05,0.000123429271092495,0.000153380101993254,0.00017962157455114,0.000198368509426508,0.00020679840752262,0.000203814006950302,0.000190322252286884,0.000168918287893505,0.000143107419413862,0.000116376561315101,9.14511717995897e-05,6.99459142281622e-05,5.24216650322553e-05,3.87056983130751e-05,2.8281148687092e-05,2.06007399103677e-05,1.52723059317115e-05,1.21380065292563e-05,1.1292992379251e-05,1.30679074513042e-05,1.79621533347181e-05,2.64940301466544e-05,3.89505869813892e-05,5.50743419279723e-05,7.37921381832742e-05,9.31314588140152e-05,0.0001104410943193,0.000122925558677139,0.00012835470436326,0.000125698735209326,0.000115436368361891,9.94067819267441e-05,8.02664121505805e-05,6.0769705211216e-05,4.31209213583654e-05,2.86799424706314e-05,1.78910257420297e-05,2.24296047585707e-06,1.48447369845137e-09,2.00060705044759e-29,0
0,1.37821175785308e-29,1.03305463167264e-09,1.85147031784186e-06,1.87440791507786e-05,3.14223214481812e-05,4.96663220036853e-05,7.36928055432327e-05,0.000102726007152295,0.000134878181247989,0.000166872949314531,0.00019466086270725,0.000214296873613067,0.000222938135894511,0.000219605272089803,0.000205409176853744,0.000183153901915085,0.000156484481932684,0.000128922961994548,0.000103140364450812,8.06599673439565e-05,6.19756413683518e-05,4.69131934941102e-05,3.50258810705531e-05,2.58828453758736e-05,1.92150043857381e-05,1.49596988388298e-05,1.3262097488778e-05,1.44592034373006e-05,1.90265030042332e-05,2.74437470979564e-05,3.99554542861939e-05,5.62609313737455e-05,7.52412583500814e-05,9.48731124924437e-05,0.000112450525443976,0.000125125647261499,0.000130628310615756,0.000127910467629001,0.000117458810944114,0.000101143807750317,8.16670817021108e-05,6.18298678805966e-05,4.38686020811873e-05,2.91710684295491e-05,1.81956283365418e-05,2.28113076644111e-06,1.50973614363164e-09,2.03465293889406e-29,0
0,1.59300119057773e-29,1.19205059041383e-09,2.08151898513871e-06,2.04588200464404e-05,3.41393023253077e-05,5.37059400487378e-05,7.93164469109362e-05,0.000110063864889946,0.000143881573675092,0.000177293131965238,0.000206094934121924,0.000226288092641069,0.000235096982423155,0.000231702718486764,0.000217401203365071,0.000195125167797122,0.000168535832462037,0.000141053420672072,0.000115176086088299,9.22598357897247e-05,7.2708073269296e-05,5.63689838005427e-05,4.29209534198042e-05,3.21150646558083e-05,2.38626304875302e-05,1.82327289849759e-05,1.54314679934321e-05,1.57895667504381e-05,1.97297714421981e-05,2.76593572197797e-05,3.97545434114829e-05,5.56671227571621e-05,7.42595468263253e-05,9.35186739144309e-05,0.000110770241695343,0.000123206989692381,0.000128593474355094,0.000125898003622322,0.000115599038930749,9.95361892228846e-05,8.03664828500158e-05,6.08448200915697e-05,4.31634866654397e-05,2.86938026920244e-05,1.78955177597457e-05,2.24348349548701e-06,1.48481971982809e-09,2.00107337922564e-29,0
0,1.7805754430074e-29,1.33054863052567e-09,2.27234094215642e-06,2.17567661622563e-05,3.61546095515825e-05,5.66333335508666e-05,8.32886706232929e-05,0.000115104658548404,0.00014988757134449,0.000184049082249921,0.000213340979839226,0.000233818089424928,0.000242849207709971,0.000239798804714798,0.000226105680708569,0.000204731456868358,0.000179219312231825,0.000152750502369497,0.000127540025689718,0.000104712784756477,8.45696261538885e-05,6.70126067788196e-05,5.19033059640551e-05,3.92396637080559e-05,2.91682070015139e-05,2.19236608153388e-05,1.77823208039024e-05,1.70556751086694e-05,2.00857595782622e-05,2.71748703051659e-05,3.84063852294571e-05,5.33805528626415e-05,7.09670938700411e-05,8.92211364629363e-05,0.000105582430156922,0.000117372766303231,0.000122462557264987,0.00011986941809806,0.000110048195502487,9.47485576854571e-05,7.64975660472175e-05,5.79152310861162e-05,4.10770107183578e-05,2.72956321964537e-05,1.70203081079386e-05,2.13373123195764e-06,1.41218154137028e-09,1.90317979437734e-29,0
0,1.92463681081205e-29,1.43652024531117e-09,2.40763689766094e-06,2.25358999141339e-05,3.73142857334756e-05,5.82333554413417e-05,8.53327527742783e-05,0.000117522896480133,0.000152549169415826,0.000186811067129995,0.000216128497831228,0.000236709052737824,0.00024612364625106,0.000243917619834661,0.000231607395971387,0.000212070397354961,0.000188598232746242,0.000164009709999718,0.000140147542729719,0.000117862980364452,9.73574022836763e-05,7.86242738654426e-05,6.17639286651233e-05,4.70781876997293e-05,3.49943378335119e-05,2.59393402831225e-05,2.02653941605857e-05,1.82523053370181e-05,2.01369545413642e-05,2.60889358803117e-05,3.60781530019418e-05,4.96502538389967e-05,6.57046623153419e-05,8.24145936852457e-05,9.74042107266253e-05,0.000108199953382896,0.000112838862557891,0.000110416032688704,0.000101349612132284,8.72489484719275e-05,7.04383165074618e-05,5.3327293267101e-05,3.78123744016102e-05,2.5111844298084e-05,1.56544317444698e-05,1.96245944947393e-06,1.29882746504471e-09,1.75041389186893e-29,0
0,2.01178388823999e-29,1.50010332395305e-09,2.4748703673512e-06,2.27310347178525e-05,3.75257377180075e-05,5.83871476545242e-05,8.5313643212709e-05,0.000117188536367677,0.000151772412571411,0.000185556273826704,0.000214534689501571,0.000235149273418191,0.000245204334387406,0.000244395821563532,0.000234232551113517,0.000217389988025988,0.000196787731090576,0.000174785813643136,0.000152798357008986,0.000131389187966053,0.000110680668890018,9.07984226317613e-05,7.21282654135323e-05,5.53173495332265e-05,4.11030392707909e-05,3.011902836474e-05,2.27936022996398e-05,1.9363486274542e-05,1.99418108980591e-05,2.45455224348506e-05,3.30168140762709e-05,4.48455560309801e-05,5.89784291064889e-05,7.37443858772252e-05,8.70047392583233e-05,9.65470264812889e-05,0.000100620249714297,9.84180206266824e-05,9.03121186585464e-05,7.77341477572066e-05,6.27514736597942e-05,4.75070816464517e-05,3.36721611511968e-05,2.23440013195297e-05,1.39237150247335e-05,1.74544358857447e-06,1.15519826014744e-09,1.55684656880522e-29,0
0,2.0335646922719e-29,1.51511372549643e-09,2.46721123829807e-06,2.23243678994237e-05,3.67729593584058e-05,5.70921209359677e-05,8.32614610244226e-05,0.000114191012607527,0.000147736268605995,0.000180578844638771,0.0002089793094793,0.000229669426693966,0.000240688139149358,0.000241825291520464,0.000234483218102052,0.000221023083351906,0.000203896941671996,0.000184948075192372,0.00016514702858117,0.000144789666151653,0.000123957166217076,0.000102947481840772,8.24635939890589e-05,6.35169530844644e-05,4.71620690071125e-05,3.42376948957774e-05,2.52410837089711e-05,2.03558124623589e-05,1.95601737618143e-05,2.27084956933866e-05,2.95093374962965e-05,3.93984461152484e-05,5.13819920161598e-05,6.39682469719635e-05,7.52877474648024e-05,8.34230901429e-05,8.68624088707715e-05,8.49104676769399e-05,7.78870157163038e-05,6.70237361126452e-05,5.40989699154994e-05,4.09557726525173e-05,2.9012362946203e-05,1.92293581567798e-05,1.19762995737224e-05,1.50125718851934e-06,9.93586582153499e-10,1.33904448664862e-29,0
0,1.98782793450328e-29,1.48003656187463e-09,2.38470240681104e-06,2.13498168893747e-05,3.51217527438916e-05,5.446681617134e-05,7.93735853256341e-05,0.00010883488912541,0.000140877275297312,0.000172459051318787,0.00020017543232622,0.000221074991961704,0.000233402804225881,0.000236964555496844,0.000232952302782856,0.000223316238453581,0.000209979783730497,0.000194256941016535,0.000176704792294801,0.000157404334186139,0.000136448381303659,0.00011434254768055,9.2118542266095e-05,7.11437213294032e-05,5.27706529416211e-05,3.80227904919178e-05,2.7450843809878e-05,2.11765716846872e-05,1.90406402812954e-05,2.07358454698431e-05,2.58405331605503e-05,3.37415964740704e-05,4.35120713027151e-05,5.38492278121471e-05,6.31641823348174e-05,6.98458997810582e-05,7.26304822665702e-05,7.09379877366383e-05,6.50345167275524e-05,5.59450538149694e-05,4.51490352963017e-05,3.41793101683292e-05,2.41924541084336e-05,1.60076350563717e-05,9.9619087902667e-06,1.24867251637704e-06,8.26416613304688e-10,1.11375156387675e-29,0
0,1.87907327216768e-29,1.3982772014497e-09,2.23437393719874e-06,1.9889751247488e-05,3.27129997321914e-05,5.07381926244978e-05,7.39926329799724e-05,0.000101604675751177,0.000131837474352369,0.000161991927374799,0.000189038973528595,0.000210340522653399,0.000224293816631087,0.000230629301069233,0.000230230080364649,0.000224563356286288,0.000215003010810887,0.000202368312203271,0.00018687612817116,0.000168475172361097,0.000147332960383964,0.000124189109060027,0.000100392531795824,7.76289970703394e-05,5.75030994279732e-05,4.1183733218217e-05,2.92511768238105e-05,2.17580977386747e-05,1.84129287163899e-05,1.87588945408948e-05,2.22568509450999e-05,2.82541129992842e-05,3.58941937767307e-05,4.40610299334104e-05,5.14394565578288e-05,5.6716081273383e-05,5.88675572701203e-05,5.74258346016891e-05,5.2605323696479e-05,4.52311905012315e-05,3.6493815811169e-05,2.76260319236337e-05,1.95311034275448e-05,1.28915243685149e-05,8.01343888997304e-06,1.00435257242416e-06,6.6471654660017e-10,8.95830361335788e-30,0
0,1.71772157460055e-29,1.27761459969651e-09,2.02925403890215e-06,1.80642920331661e-05,2.97444657987059e-05,4.62124299458843e-05,6.7562427548815e-05,9.31024363879837e-05,0.000121381309418867,0.00015008347068746,0.000176567575217428,0.000198478449725566,0.000214293869592894,0.000223575407242503,0.000226813679791648,0.000224951935265678,0.000218834699244064,0.000208863657988601,0.000195023939149532,0.000177235502481031,0.000155807198199442,0.000131726560676499,0.000106624903968993,8.2441859733059e-05,6.09639607343384e-05,4.34498884304614e-05,3.04786163353638e-05,2.20279443053608e-05,1.76867201581561e-05,1.68700448111169e-05,1.89421719788952e-05,2.32239529703901e-05,2.89305646581413e-05,3.51212585813802e-05,4.07337538451005e-05,4.47281046644453e-05,4.63015102792436e-05,4.5088553084509e-05,4.12566665590993e-05,3.54486471463927e-05,2.85909491232713e-05,2.16424346654659e-05,1.5274748877665e-05,1.00457382067987e-05,6.23387368578063e-06,7.81210480506624e-07,5.17032769554313e-10,6.96798740968957e-30,0
0,1.51846908708903e-29,1.128978800732e-09,1.78647158939189e-06,1.60150061250079e-05,2.64441807803467e-05,4.12340308081977e-05,6.05690383916904e-05,8.3968034122802e-05,0.000110294368902635,0.000137630229199034,0.000163706989203827,0.000186401689209491,0.000204193636856934,0.000216390643335863,0.000223031132029099,0.000224527416575205,0.000221251752088984,0.000213297796971906,0.000200549547973749,0.00018301061392275,0.000161193513535791,0.00013633292620021,0.000110287255474868,8.51642211814761e-05,6.2844624867361e-05,4.46100405168693e-05,3.10030630265089e-05,2.19226686106681e-05,1.68565036842174e-05,1.51201190856719e-05,1.60081401654796e-05,1.88311229779266e-05,2.28758794246615e-05,2.73599715285291e-05,3.14441935943914e-05,3.43278408756889e-05,3.54004804111738e-05,3.43862446812316e-05,3.14120637019522e-05,2.69626449842628e-05,2.17355376509797e-05,1.64519540427623e-05,1.15824973672618e-05,7.57690351373942e-06,4.6899629858191e-06,5.87616788190362e-07,3.88905225722582e-10,5.24122816960507e-30,0
0,1.29808541086488e-29,9.64819076423227e-10,1.52484068854243e-06,1.38860964395944e-05,2.3040390564101e-05,3.61407877426735e-05,5.3477640871227e-05,7.47963551019971e-05,9.92819327698368e-05,0.000125403337654461,0.000151228016219543,0.000174803414638613,0.000194535426285737,0.000209412590965714,0.000218991529302798,0.00022317977222911,0.000221962642682982,0.000215253171944459,0.000202970420927071,0.00018530888771075,0.000163034729151727,0.000137613500449431,0.000111060252419677,8.55526659461301e-05,6.29698184548636e-05,4.45452222740037e-05,3.07496930276577e-05,2.14018199937223e-05,1.59103216991587e-05,1.35239415563852e-05,1.34980209315084e-05,1.51507216379098e-05,1.78400609301074e-05,2.09223561085986e-05,2.37475258504493e-05,2.57152514430198e-05,2.63754755956393e-05,2.5526991141048e-05,2.32634714697567e-05,1.99389369702939e-05,1.60615960531704e-05,1.21560602740226e-05,8.52685695738622e-06,5.53398218775293e-06,3.4124650816596e-06,4.27429677499031e-07,2.82887408653978e-10,3.81243901340908e-30,0
0,1.07311116196184e-29,7.97399833498487e-10,1.26240926494746e-06,1.18066952676567e-05,1.97338081761618e-05,3.12231488762474e-05,4.66771077922463e-05,6.60670758636272e-05,8.88863704918662e-05,0.000113958791261339,0.000139637202737539,0.000164076825763737,0.000185550153138307,0.000202688875714439,0.000214571430461403,0.000220655550937752,0.000220641536798546,0.000214390371550237,0.00020198042204242,0.000183885199410427,0.000161154983418637,0.000135455138149351,0.000108878911858985,8.35740198741709e-05,6.1324127425353e-05,4.32477868792132e-05,2.97126760784279e-05,2.04585513306509e-05,1.48394633652686e-05,1.20711385137573e-05,1.14004023947693e-05,1.21710009998128e-05,1.38116434717987e-05,1.5797703884852e-05,1.7634119726979e-05,1.88819586168699e-05,1.92194229857696e-05,1.85049798032016e-05,1.68062265141984e-05,1.43738613721911e-05,1.15663042964166e-05,8.75262044220805e-06,6.10672296037412e-06,3.91684286717894e-06,2.4014747608531e-06,3.0066274088947e-07,1.98988319968052e-10,2.6817412548276e-30,0
0,8.57887391213958e-30,6.37343620881561e-10,1.01442074987442e-06,9.87745960183627e-06,1.66771790688109e-05,2.66953378109201e-05,4.04424079325909e-05,5.80998568358625e-05,7.94387524405244e-05,0.000103591003032392,0.000129138824582113,0.000154291485585963,0.00017715180629415,0.000195990278206431,0.000209443694659601,0.000216596910044916,0.000216970924698972,0.000210488342278073,0.000197483386235453,0.00017876592430495,0.00015567629951657,0.000130035898380733,0.000103937421304161,7.94074069480059e-05,5.80529826890603e-05,4.0822594883176e-05,2.79575634694762e-05,1.91241612224098e-05,1.36462705834185e-05,1.0738571089955e-05,9.6678080644612e-06,9.81966074535568e-06,1.06928131151673e-05,1.18633952423225e-05,1.295989742226e-05,1.36688647262604e-05,1.37671951103008e-05,1.31591937608694e-05,1.18928868347742e-05,1.01406762786058e-05,8.14740942115427e-06,6.16421596369032e-06,4.26743460191065e-06,2.68954451652175e-06,1.63469326370789e-06,2.04521608180667e-07,1.35358546636825e-10,1.82421058063884e-30,0
0,6.63223623163971e-30,4.9264781871229e-10,7.91999399802255e-07,8.16348624280896e-06,1.39652387318399e-05,2.26825877124467e-05,3.49205250864114e-05,5.10418601120725e-05,7.10523032203271e-05,9.43372957029755e-05,0.000119654997381811,0.000145231492956616,0.000168992612583877,0.00018887778224345,0.00020314798113126,0.0002106056765842,0.000210690341453498,0.000203472043514748,0.000189598353074543,0.000170234625554885,0.000146990560573967,0.000121790257765653,9.66539318159392e-05,7.34132356565969e-05,5.34383900787549e-05,3.747030114059e-05,2.56119031224597e-05,1.74655188094626e-05,1.23481459348625e-05,9.50128139860311e-06,8.23548772440154e-06,7.99162935916183e-06,8.33706163423543e-06,8.93249774761113e-06,9.50272138241164e-06,9.82882337825848e-06,9.76096789125584e-06,9.23735783864342e-06,8.29191928644181e-06,7.04007772364169e-06,5.64400928594139e-06,4.2690206730222e-06,2.92265992083274e-06,1.79485252075164e-06,1.07647193734265e-06,1.34537617087183e-07,8.90405654457864e-11,1.19998881214297e-30,0
0,4.95831162377311e-30,3.68268232511154e-10,6.01674988501667e-07,6.69398503653944e-06,1.16355796873315e-05,1.92249381158305e-05,3.01399884658225e-05,4.48868799342575e-05,6.36556239732052e-05,8.60293418135358e-05,0.000110897654917051,0.000136486996563458,0.0001605687462668,0.000180812867655399,0.000195193171248494,0.00020232517432796,0.000201647590226738,0.000193428193613008,0.00017864112769922,0.000158786215009368,0.000135696492063578,0.000111339916069839,8.7604601523074e-05,6.60768716457238e-05,4.78552931337343e-05,3.34567501373528e-05,2.28463836022005e-05,1.55761719354437e-05,1.09771861953644e-05,8.33998752667745e-06,7.03689794837554e-06,6.57312367476794e-06,6.58236926485405e-06,6.7960085734166e-06,7.01260027022896e-06,7.08253744503419e-06,6.90857475775763e-06,6.45306866296719e-06,5.74015304476669e-06,4.84536257825435e-06,3.87301722530048e-06,2.92840896110246e-06,1.97397547923269e-06,1.16724400189642e-06,6.8592001481474e-07,8.55842186509463e-08,5.66414373092425e-11,7.63349724189214e-31,0
0,3.5846914405844e-30,2.6623027681376e-10,4.45670883516789e-07,5.46763848162137e-06,9.67851255785996e-06,1.62943561896384e-05,2.60388493777517e-05,3.95183221117312e-05,5.70546982705478e-05,7.83769612232559e-05,0.000102474275590133,0.000127578129175863,0.000151354318702831,0.000171289519076571,0.000185173305388407,0.000191526746437803,0.000189846276517809,0.000180610284743183,0.000165090042510908,0.000145062503577629,0.000122517403702739,9.94065327980791e-05,7.74419671225059e-05,5.79396232421587e-05,4.17182479591198e-05,2.90752701967514e-05,1.98507965152378e-05,1.35634180865787e-05,9.57613831124759e-06,7.24452074674207e-06,6.01408419832675e-06,5.45903028493388e-06,5.27577353240383e-06,5.25444650123818e-06,5.24941739104459e-06,5.16067531476309e-06,4.92754300562237e-06,4.52895054700166e-06,3.9824281387007e-06,3.33657940916242e-06,2.65674066014869e-06,2.00783631240179e-06,1.32568946440159e-06,7.42774978971443e-07,4.23062234569454e-07,5.26489675270514e-08,3.48437388950802e-11,4.69584808203328e-31,0
0,2.50618928521442e-30,1.86130923382988e-10,3.22740505987186e-07,4.46153438598289e-06,8.05234968059996e-06,1.38194717076001e-05,2.25024753711937e-05,3.47637118554806e-05,5.10070608526471e-05,7.10631304976529e-05,9.40020651198844e-05,0.000118083063108625,0.000140934262183831,0.00015996000286743,0.000172873274790714,0.000178183854709722,0.000175480801792919,0.000165432707537873,0.000149543584352813,0.000129782695427123,0.000108216611486187,8.67241369905251e-05,6.68141254202945e-05,4.95309219201043e-05,3.54291335751165e-05,2.4609503800189e-05,1.68098283161671e-05,1.15343279317563e-05,8.19221728345674e-06,6.21373527914083e-06,5.12277539662469e-06,4.56286452119754e-06,4.28811174159734e-06,4.13717283834941e-06,4.00622374475475e-06,3.83001254580331e-06,3.57251752557162e-06,3.22358780641479e-06,2.79637251359186e-06,2.32188741767971e-06,1.84013639958866e-06,1.38990412278065e-06,8.94135746103054e-07,4.65295036265128e-07,2.52725273052437e-07,3.13208489070425e-08,2.0728093804025e-11,2.79349985449572e-31,0
0,1.69441617388648e-30,1.25849682729813e-10,2.29276361225463e-07,3.64119546530457e-06,6.7000028844395e-06,1.1711485690158e-05,1.94016320130485e-05,3.04474108002975e-05,4.52905398663732e-05,6.38282793279733e-05,8.5204858456038e-05,0.000107741849248959,0.000129107040420401,0.000146726952692226,0.000158340872030022,0.000162516547309853,0.000158949156884134,0.000148452175223981,0.000132675113237282,0.000113679372991877,9.35242027049702e-05,7.39657778411432e-05,5.629839022311e-05,4.13132928460837e-05,2.93349275662703e-05,2.03032910048975e-05,1.38830830552807e-05,9.5835486003356e-06,6.87057439643753e-06,5.25308871917898e-06,4.33313320872921e-06,3.82021975250583e-06,3.51995632061722e-06,3.31062951887672e-06,3.11945601728362e-06,2.90508701707756e-06,2.64761092155702e-06,2.34373201665084e-06,2.00367887521495e-06,1.64730180761748e-06,1.29869317380525e-06,9.80328478206482e-07,6.11946675732734e-07,2.89342863072831e-07,1.46359662038639e-07,1.80188396177614e-08,1.1924443205157e-11,1.60704262887362e-31,0
0,1.10782315195017e-30,8.22935474796851e-11,1.60431419433473e-07,2.96952708043841e-06,5.56333826677255e-06,9.88577754305636e-06,1.66229129918038e-05,2.64306892218379e-05,3.97525700352103e-05,5.65268339143859e-05,7.597320710995e-05,9.6515007759969e-05,0.000115936032529837,0.000131782082979295,0.000141908563334302,0.000144993981750885,0.000140836273532174,0.000130334351029577,0.000115187121230714,9.74458404794789e-05,7.90830370407044e-05,6.16929623874673e-05,4.63575132490651e-05,3.36470320113597e-05,2.37009890302822e-05,1.63416076257679e-05,1.11921486125078e-05,7.78486120918097e-06,5.64891672888094e-06,4.37124893152311e-06,3.62763745273765e-06,3.18751817032675e-06,2.90101386775908e-06,2.67827118783098e-06,2.46931815572703e-06,2.24893763146866e-06,2.00738522441888e-06,1.74539847896379e-06,1.4711920622467e-06,1.19767221991721e-06,9.39238254728635e-07,7.08551832641829e-07,4.28533509246802e-07,1.80532530711969e-07,8.23002081432482e-08,1.00247444579139e-08,6.63377875032078e-12,8.94026250011633e-32,0
0,7.00430284097551e-31,5.20440580742659e-11,1.11062018424263e-07,2.41325742472941e-06,4.59303040147547e-06,8.27586082416701e-06,1.40868696718944e-05,2.26331200290274e-05,3.43327518077062e-05,4.91476951315314e-05,6.63788481868908e-05,8.45881904335501e-05,0.000101741662441052,0.00011558488463481,0.00012415996803798,0.000126291747008947,0.000121866352668762,0.000111805522252607,9.77659484940189e-05,8.16964315917622e-05,6.54159182342998e-05,5.03298512679023e-05,3.7320275317025e-05,2.67761256701149e-05,1.87010927994754e-05,1.28435543978976e-05,8.81554345658274e-06,6.18728730127073e-06,4.55416460101474e-06,3.57685033284982e-06,2.9976111494726e-06,2.63807495179612e-06,2.38559533123584e-06,2.17541396524667e-06,1.97409656632879e-06,1.76708487674763e-06,1.55078060667155e-06,1.3280605361453e-06,1.10566145669195e-06,8.92207985485514e-07,6.96341724038161e-07,5.2502167635921e-07,3.08204418967617e-07,1.14372367678723e-07,4.504976715862e-08,5.39360345578826e-09,3.56884745931722e-12,4.80969207891424e-32,0
0,4.28256065409796e-31,3.1833588162259e-11,7.63930941661904e-08,1.94636046060387e-06,3.75321574620822e-06,6.83884601408833e-06,1.17530160002837e-05,1.90347837376837e-05,2.90588809851579e-05,4.18000960553439e-05,5.66466443431355e-05,7.23278584777265e-05,8.70409340340575e-05,9.87891417414389e-05,0.000105849192396105,0.000107211422377395,0.000102829976016448,9.35928954056617e-05,8.10381438389795e-05,6.6938865062454e-05,5.29115115032744e-05,4.01589991056185e-05,2.9383110129071e-05,2.08324391097888e-05,1.44218799087705e-05,9.86578529702885e-06,6.79061883122513e-06,4.81542085567432e-06,3.60134951993676e-06,2.87609261967302e-06,2.43957805857343e-06,2.15720471333869e-06,1.94645428465276e-06,1.76185913978811e-06,1.58175653395423e-06,1.39844427982878e-06,1.2118191930318e-06,1.02567309347858e-06,8.4557446058077e-07,6.77486228649637e-07,5.26686883624746e-07,3.96929285575722e-07,2.27186052114406e-07,7.43491625146811e-08,2.41031386058294e-08,2.80642968854823e-09,1.85668880040595e-12,2.50223679154011e-32,0
0,2.53213152029337e-31,1.88336522385131e-11,5.23916345033165e-08,1.55075587474877e-06,3.02159644107408e-06,5.55371913254596e-06,9.61412296885067e-06,1.56633911449987e-05,2.40229104908185e-05,3.4674258383215e-05,4.70967207459668e-05,6.02038953341345e-05,7.24527658107321e-05,8.21368079051655e-05,8.77919416444016e-05,8.85788320240266e-05,8.4498461750875e-05,7.63611028335145e-05,6.55311456294803e-05,5.35571327819629e-05,4.18245398147005e-05,3.1332632443658e-05,2.26264785545908e-05,1.58525305652354e-05,1.08772155378297e-05,7.41313974328239e-06,5.12035449885548e-06,3.67288993941417e-06,2.79440982104019e-06,2.27143188077919e-06,1.95220331166703e-06,1.73758340352064e-06,1.56865415243092e-06,1.41437494323983e-06,1.26126298557892e-06,1.1058654106467e-06,9.49874588209806e-07,7.97243723939764e-07,6.52558543665177e-07,5.20080160165619e-07,4.03130729089992e-07,3.03713628131482e-07,1.7046935196657e-07,4.98823801334565e-08,1.26860527739147e-08,1.41226549045801e-09,9.34102166236516e-13,1.2588780665913e-32,0
0,1.44781517931815e-31,1.07784153874564e-11,3.58943860097325e-08,1.21509343089058e-06,2.3864881353891e-06,4.41505082847437e-06,7.68412693581113e-06,1.25730706552732e-05,1.93467594736907e-05,2.79905443133659e-05,3.80745401428249e-05,4.8700637193572e-05,5.85933461568091e-05,6.63445259241198e-05,7.07526364985524e-05,7.11419963873733e-05,6.75414851414537e-05,6.06549975912044e-05,5.16424165044878e-05,4.1803993328204e-05,3.22857391376113e-05,2.38930094212286e-05,1.70390830191699e-05,1.18007967322577e-05,8.02736762987438e-06,5.45277052213468e-06,3.78260958051833e-06,2.74753723368405e-06,2.12824124951966e-06,1.76127862926525e-06,1.5341489661947e-06,1.37553624088177e-06,1.2444319740387e-06,1.12026816901839e-06,9.95075881608779e-07,8.67895911617636e-07,7.41164452235699e-07,6.18565218044189e-07,5.03828215913884e-07,4.00075827045005e-07,3.09477320778893e-07,2.33104728842187e-07,1.29025625511426e-07,3.45066079890987e-08,6.631279795353e-09,6.87378590740609e-10,4.54458018008082e-13,6.12467513400233e-33,0
0,8.00541998573668e-32,5.9676026116985e-12,2.45650772044393e-08,9.32598210693089e-07,1.84255021833651e-06,3.42507114025419e-06,5.98434663001892e-06,9.8219274160968e-06,1.51481407459981e-05,2.19508372474421e-05,2.98863686288928e-05,3.82371297705102e-05,4.59846901347901e-05,5.20067825299136e-05,5.53504108208124e-05,5.54886055055741e-05,5.24631909432778e-05,4.68585325364158e-05,3.96214214054273e-05,3.18028546343702e-05,2.43180631119057e-05,1.77965332141403e-05,1.25440937175977e-05,8.59357764801281e-06,5.79862194150705e-06,3.92853377521463e-06,2.73965780007145e-06,2.01700196816377e-06,1.59130671411158e-06,1.34043395433374e-06,1.18286556256026e-06,1.06847872908297e-06,9.69444226447521e-07,8.72559748259324e-07,7.73435533688201e-07,6.72453627281627e-07,5.72176060470892e-07,4.75802003155541e-07,3.86310932899632e-07,3.06022247085142e-07,2.3640362776355e-07,1.7803925605813e-07,9.76278123596276e-08,2.44368710446251e-08,3.4878545986044e-09,3.23628163106177e-10,2.1381456716392e-13,2.88155277439963e-33,0
0,4.28054676390586e-32,3.19702337119668e-12,1.6758853696961e-08,6.98834071156576e-07,1.38668357373416e-06,2.58654947094094e-06,4.53180557146669e-06,7.45397184377054e-06,1.15142207480706e-05,1.67024649396777e-05,2.27529740721217e-05,2.91116507279581e-05,3.49928949971821e-05,3.95325501170193e-05,4.19998837187055e-05,4.19966621467496e-05,3.9567199648319e-05,3.51763698320488e-05,2.95674017993906e-05,2.35588779901527e-05,1.78567506470579e-05,1.29380127425012e-05,9.02344536423942e-06,6.1205833255957e-06,4.10035226790948e-06,2.77342138690221e-06,1.94648668643771e-06,1.45373732551198e-06,1.16823309403561e-06,1.00094771582249e-06,8.9415922643942e-07,8.13441346764452e-07,7.40378871379396e-07,6.66781625422483e-07,5.90476999798937e-07,5.12460241035703e-07,4.35086146109397e-07,3.60993665217093e-07,2.92511810042238e-07,2.31367405539694e-07,1.78580568544803e-07,1.34480686413662e-07,7.33009221562131e-08,1.7534234953697e-08,1.87471694546607e-09,1.47421530424234e-10,9.72803086680927e-14,1.311034823293e-33,0
0,2.21339283724177e-32,1.65768410923017e-12,1.13567494617726e-08,5.09953816378537e-07,1.01503987685202e-06,1.89796070212537e-06,3.33185277563398e-06,5.48848488849862e-06,8.48716826567026e-06,1.23197334307377e-05,1.67875329905949e-05,2.14771287099199e-05,2.58029886331866e-05,2.91220830807996e-05,3.0892631858884e-05,3.08230281744858e-05,2.89537486426808e-05,2.56398769001427e-05,2.14431421900765e-05,1.69783421801527e-05,1.2771540756594e-05,9.17301311730404e-06,6.33815104886992e-06,4.26182727966135e-06,2.83808436804738e-06,1.91894336439395e-06,1.35708878581403e-06,1.02893398785785e-06,8.42027696931934e-07,7.33124625298594e-07,6.62302023644738e-07,6.06452944965185e-07,5.53695655573547e-07,4.99135124553168e-07,4.41892387105288e-07,3.83141667019783e-07,3.24879411850016e-07,2.69193867457061e-07,2.17863074360574e-07,1.72163745848856e-07,1.32815496234332e-07,1.00012556933386e-07,5.43110079013239e-08,1.26152592673887e-08,1.04467922888439e-09,6.49988944569972e-11,4.28012762460036e-14,5.76827565497037e-34,0
0,1.10678148095633e-32,8.32191236854845e-13,7.61112805166539e-09,3.61671583595067e-07,7.21407124151673e-07,1.35096516404397e-06,2.37459878932951e-06,3.91585012306448e-06,6.05979721161564e-06,8.80000940452635e-06,1.19928913474849e-05,1.53402446532035e-05,1.84202240302418e-05,2.07702296655477e-05,2.2001670232757e-05,2.19075234068769e-05,2.05212489866289e-05,1.81035670660237e-05,1.50635689868545e-05,1.18468133208009e-05,8.8322448413946e-06,6.26931705000144e-06,4.26495808322339e-06,2.80967254307844e-06,1.82199592084014e-06,1.19191106513867e-06,8.1196518481493e-07,5.93601480143624e-07,4.71819420266881e-07,4.03040169947563e-07,3.60292479909064e-07,3.28214183990627e-07,2.98953284516911e-07,2.6919750219632e-07,2.3818239018467e-07,2.064276805173e-07,1.74971920886736e-07,1.4493087288582e-07,1.17259846793975e-07,9.26429559283676e-08,7.14617179765755e-08,5.38135018739281e-08,2.91929558890358e-08,6.71958460232227e-09,5.051438145256e-10,2.76931963739449e-11,1.82109510624362e-14,2.45426760265685e-34,0
0,1.18671536789655e-33,9.34751285949812e-14,3.30549029984088e-09,1.76172878689295e-07,3.52828891803812e-07,6.62747833707891e-07,1.16755505734602e-06,1.92874343768654e-06,2.98808981799648e-06,4.34155454748427e-06,5.91628644005044e-06,7.5620047380699e-06,9.0668139905914e-06,1.01992382925524e-05,1.0766303785894e-05,1.06678327884298e-05,9.9258662997401e-06,8.67724188448203e-06,7.13264980709775e-06,5.51895030648554e-06,4.02633424812093e-06,2.77657330002771e-06,1.81733634460138e-06,1.13688711687462e-06,6.88123379043454e-07,4.11621566159121e-07,2.51704834077042e-07,1.64324123256503e-07,1.18619819060209e-07,9.4987146657292e-08,8.19888484168846e-08,7.34790141703152e-08,6.645327035152e-08,5.96419672614658e-08,5.26688219349387e-08,4.55779118931714e-08,3.85787416547438e-08,3.19134585073055e-08,2.57911402281903e-08,2.03593633503506e-08,1.56971211951998e-08,1.18201338737069e-08,6.39022867238506e-09,1.42956466076159e-09,7.27531543169515e-11,1.20399962826936e-12,7.70763893013073e-16,1.03874906733361e-35,0
0,1.42027206736672e-36,8.54431900458081e-16,4.38837174697643e-10,2.42045145907768e-08,4.85256978826724e-08,9.12140580149146e-08,1.60755824525014e-07,2.65621964620536e-07,4.11501667618321e-07,5.97711314478297e-07,8.14003630346035e-07,1.03939353943125e-06,1.24439376263842e-06,1.39690626051148e-06,1.47034393911747e-06,1.45120284967751e-06,1.34312780578736e-06,1.16579119824761e-06,9.49057039371024e-07,7.24804510820536e-07,5.19470533365127e-07,3.49619435300386e-07,2.21244482657051e-07,1.31978195449697e-07,7.46139483042813e-08,4.04400025610021e-08,2.15206782060443e-08,1.17604013185295e-08,7.04160491805379e-09,4.86748879966101e-09,3.86391293158711e-09,3.34143599896026e-09,2.98619301995399e-09,2.67195842401954e-09,2.35837807241423e-09,2.04078870795299e-09,1.72724421468007e-09,1.42856938398914e-09,1.15426597585654e-09,9.11004937419454e-10,7.02311979391994e-10,5.28845380107093e-10,2.85668459342628e-10,6.34646177650462e-11,2.84761630847367e-12,1.84003029479327e-15,4.74945277647806e-20,6.40075269891792e-40,0
0,2.9079155631552e-43,5.72787905921888e-18,3.35450803597207e-12,1.85070565470412e-10,3.71031149818935e-10,6.97408822976245e-10,1.22904712301535e-09,2.03072800964996e-09,3.14585339284524e-09,4.56907953383037e-09,6.22189266887116e-09,7.94364697225472e-09,9.50869858652399e-09,1.06715159204104e-08,1.12288507524862e-08,1.10776874297148e-08,1.0246328571909e-08,8.88575206157815e-09,7.22485861635756e-09,5.50780459651757e-09,3.93686981652632e-09,2.63855373795236e-09,1.65830024737762e-09,9.77529182027714e-10,5.4070643792281e-10,2.80940391519911e-10,1.3746072563926e-10,6.37270150984483e-11,2.84175182908748e-11,1.26251260689527e-11,5.99272752407585e-12,3.33473136461884e-12,2.26811469474346e-12,1.78657077604671e-12,1.50129164131958e-12,1.27733090127395e-12,1.07523745526004e-12,8.87845494179738e-13,7.17027077965621e-13,5.65839954474899e-13,4.36202452035398e-13,3.28460452278625e-13,1.77425244556397e-13,3.94167212898914e-14,1.76827401553527e-15,1.09825511612489e-18,1.37399715337567e-28,1.91603855026137e-49,0
0,3.71907652748616e-59,1.05097082421049e-24,6.15498906208719e-19,3.39575006015787e-17,6.80782974634538e-17,1.27963184868089e-16,2.25509468097029e-16,3.72604336264033e-16,5.77210754285099e-16,8.38347953252574e-16,1.14160953598807e-15,1.45751909244685e-15,1.74467405276671e-15,1.95802276673275e-15,2.06027198739968e-15,2.03251970059188e-15,1.87995890528239e-15,1.63029176575893e-15,1.32551822213273e-15,1.01043751240691e-15,7.22165299225652e-16,4.83912878018267e-16,3.04019314758659e-16,1.79076524591052e-16,9.88962317972897e-17,5.12064557521789e-17,2.48584620928011e-17,1.13143620263844e-17,4.82832618208293e-18,1.93190527814657e-18,7.24821806086571e-19,2.55052740802633e-19,8.42313911379697e-20,2.61619808896452e-20,7.69337543932844e-21,2.18822197583769e-21,6.41633060758302e-22,2.24048038552556e-22,1.0829959319248e-22,6.93194029811331e-23,5.00777882936012e-23,3.70535061569062e-23,1.99371846096598e-23,4.42703166190167e-24,1.99241866430403e-25,1.2318248650741e-28,1.38163938819647e-38,7.90730899348108e-78,0
0,4.98080205345828e-99,1.40760150710518e-64,8.24358933704768e-59,4.54804528567313e-57,9.11796140296119e-57,1.71385510948275e-56,3.02032614946293e-56,4.9904184940635e-56,7.73078287702651e-56,1.12282835202311e-55,1.52899705707341e-55,1.95210562901335e-55,2.33670217637776e-55,2.62244746835633e-55,2.759393371442e-55,2.72222376508323e-55,2.51789381169913e-55,2.18350597598365e-55,1.77531222754617e-55,1.35331373252485e-55,9.67220779600604e-56,6.48121058740612e-56,4.07183369888207e-56,2.39843148614741e-56,1.32454886996799e-56,6.85822992744428e-57,3.32935021223353e-57,1.51534076083316e-57,6.46642902382171e-58,2.58715298123088e-58,9.7047217846631e-59,3.41308775177991e-59,1.12542149080152e-59,3.47925563188779e-60,1.00846506653499e-60,2.74055652265204e-61,6.98264645636075e-62,1.66803334586203e-62,3.73587888630634e-63,7.84484258315677e-64,1.54446852913921e-64,2.85086911028024e-65,4.93376975556538e-66,8.00541523651139e-67,1.21784560607279e-67,6.38164750516527e-78,2.2975507679891e-96,3.82063480280551e-154,0
0,0,0,0,0,0,0,0,0,0,0,0,0,0,0,0,0,0,0,0,0,0,0,0,0,0,0,0,0,0,0,0,0,0,0,0,0,0,0,0,0,0,0,0,0,0,0,0,0,0
